found_utc,kind,region,company,title,loc,url,source
2026-09-25 13:56,intern,us,Bosch Group,Paid Internship in AI Application Team (f/m),"Warszawa, Województwo mazowieckie, pl",https://jobs.smartrecruiters.com/BoschGroup/744000151841950,sr:BoschGroup
2026-09-25 13:56,intern,us,Bosch Group,"IT Internship (BackEnd, Java) (f/m)","Warszawa, Województwo mazowieckie, pl",https://jobs.smartrecruiters.com/BoschGroup/744000151841184,sr:BoschGroup
2026-09-25 13:56,intern,us,Exclusive Networks,Data Quality & Business Data Analyst Intern,"London, UK",https://exclusivenetworks.wd103.myworkdayjobs.com/Exclusive-Networks-Career/job/London/Data-Quality---Business-Data-Analyst-Intern-6-month-FTC_JR2560-1,SimplifyJobs
2026-09-25 13:56,intern,other,Goldman Sachs,Summer Associate Intern - Multiple Teams,NYC,https://higher.gs.com/roles/171566?type=students,SimplifyJobs
2026-09-25 13:56,intern,other,Goldman Sachs,Quantitative Strategist Associate Intern - The Core Quantitative Strats,NYC,https://higher.gs.com/roles/171535?type=students,SimplifyJobs
2026-09-25 13:56,intern,other,Goldman Sachs,Quantitative Strategist Intern - Multiple Teams,NYC,https://higher.gs.com/roles/171563?type=students,SimplifyJobs
2026-09-25 13:56,intern,us,Goldman Sachs,Associate Intern - The Core Quantitative Strats,"Dallas, TX",https://higher.gs.com/roles/171546?type=students,SimplifyJobs
2026-09-25 13:56,intern,other,Goldman Sachs,Summer Analyst Intern - Americas - Engineering,NYC,https://higher.gs.com/roles/171564?type=students,SimplifyJobs
2026-09-25 13:56,intern,us,Goldman Sachs,Summer Analyst Intern - Americas - Engineering,"Salt Lake City, UT",https://higher.gs.com/roles/171565?type=students,SimplifyJobs
2026-09-25 13:56,intern,us,Haleon,Data & Governance Industrial Placement,"London, UK",https://gsknch.wd3.myworkdayjobs.com/GSKCareers/job/London-Bankside/Data---Governance-Industrial-Placement--2027--London--UK_547610,SimplifyJobs
2026-09-25 13:56,intern,us,Highgate,Revenue Management Intern - Summer 2027,"Boston, MA",https://externalhourly-highgate.icims.com/jobs/82512/job?hub=7&mobile=true&needsRedirect=false,SimplifyJobs
2026-09-25 13:56,intern,other,Highgate,Revenue Management Intern,LA,https://externalhourly-highgate.icims.com/jobs/82509/job?hub=7&mobile=true&needsRedirect=false,SimplifyJobs
2026-09-25 13:56,intern,us,Knobelsdorff Enterprises,PLC/SCADA Engineer Intern,"Eagan, MN, us",https://jobs.smartrecruiters.com/KnobelsdorffEnterprises/744000151850659,sr:KnobelsdorffEnterprises
2026-09-25 13:56,intern,us,Rundoo,Marketing Engineer Intern,"Redwood City, CA",https://jobs.ashbyhq.com/rundoo/72f01e6a-dcd1-4620-a915-374890bcacf7/application?embed=true,SimplifyJobs
2026-09-25 13:56,intern,us,Syntiant,Machine Learning Intern - KWS/AED,"Redwood City, CA",https://apply.workable.com/syntiant/j/113F994B7B/apply,SimplifyJobs
2026-09-25 13:56,intern,us,Tesla,Software Engineer Intern - Finance Programs,"Palo Alto, CA",https://www.tesla.com/careers/search/job/282303,SimplifyJobs
2026-09-25 13:56,intern,us,Trane Technologies,AI & Analytics Intern,"Minneapolis, MN; Davidson, NC",https://careers.tranetechnologies.com/global/en/job/JR-7591,SimplifyJobs
2026-09-25 13:56,newgrad,us,AECOM,Graduate Electrical Engineer إماراتيين (خلاصة القيد),"Abu Dhabi, UAE, ae",https://jobs.smartrecruiters.com/AECOM2/744000151836342,sr:AECOM2
2026-09-25 13:56,newgrad,us,AECOM,Assistant Resident Engineer,"Abu Dhabi, UAE, ae",https://jobs.smartrecruiters.com/AECOM2/744000151811070,sr:AECOM2
2026-09-25 13:56,newgrad,us,AECOM,M&E Resident Engineers,"Cork, CO, ie",https://jobs.smartrecruiters.com/AECOM2/744000151800050,sr:AECOM2
2026-09-25 13:56,newgrad,us,AECOM,Civil Resident Engineers - Water,"Cork, CO, ie",https://jobs.smartrecruiters.com/AECOM2/744000151801971,sr:AECOM2
2026-09-25 13:56,newgrad,other,Coram Ai,Graduate Mechanical Engineer,Sunnyvale,https://jobs.ashbyhq.com/coram-ai/4441d795-82ab-492c-a77e-e08d63b4c9c2,ashby:coram-ai
2026-09-25 13:56,newgrad,us,Eurofins,(Junior) IT Field Service Engineer,"Maastricht, LI, nl",https://jobs.smartrecruiters.com/Eurofins/744000151855079,sr:Eurofins
2026-09-25 13:56,newgrad,us,GliaCell Technologies,Software Engineer,"Annapolis Junction, MD",https://gliacelltechnologies.applytojob.com/apply/F5wpzZFcry/Software-Engineer,SimplifyJobs
2026-09-25 13:56,newgrad,us,Goldman Sachs,Engineering New Analyst - Engineering,"Salt Lake City, UT",https://higher.gs.com/roles/171570?type=students,SimplifyJobs
2026-09-25 13:56,newgrad,us,Lodestarspace,Software Engineer I: Payload Engineer,"Los Angeles, US",https://job-boards.eu.greenhouse.io/lodestarspace/jobs/4987198101,gh:lodestarspace
2026-09-25 13:56,newgrad,us,NielsenIQ,Dictionary Analyst,"Stockport, UK",https://jobs.smartrecruiters.com/NielsenIQ/744000151778229,SimplifyJobs
2026-09-25 13:56,newgrad,other,Sim,Software Engineer - Agent Harness,SF,https://jobs.ashbyhq.com/sim/8bb8c0ec-babf-4923-ae78-7e35bee2cca6/application?embed=true,SimplifyJobs
2026-09-25 13:56,newgrad,other,Sim,Founding Design Engineer,SF,https://jobs.ashbyhq.com/sim/2aae9d88-23ae-4381-9591-8fe58574f86c/application?embed=true,SimplifyJobs
2026-09-25 13:56,newgrad,us,Smiths Group,Graduate Project Engineer - 12-Month Fixed-Term Contract | Australia,"Sydney, NSW, au",https://jobs.smartrecruiters.com/SmithsGroup2/744000151824114,sr:SmithsGroup2
2026-09-25 13:56,newgrad,us,Winton,Quantitative Developer - Fundamental Commodities,"London, UK",https://job-boards.eu.greenhouse.io/winton/jobs/4986765101,SimplifyJobs
